"error_severity","event_message","id","identifier","timestamp"
"LOG","connection authorized: user=authenticator database=postgres application_name=postgrest SSL enabled (protocol=TLSv1.3, cipher=TLS_AES_256_GCM_SHA384, bits=256)","9d300a8b-071b-4376-870d-8ed2824cdeb3","vjhrmizwqhmafkxbmfwa","1743133952738000"
"LOG","connection received: host=::1 port=42187","91917581-72b9-4faa-bfad-8129c2fa11bb","vjhrmizwqhmafkxbmfwa","1743133952729000"
"LOG","connection authorized: user=supabase_admin database=postgres application_name=postgres_exporter","d956d1ef-8ad4-499a-9b88-e52de8f5615c","vjhrmizwqhmafkxbmfwa","1743133934000000"
"LOG","connection received: host=::1 port=32757","32566845-f284-4275-b8c2-33798ded624d","vjhrmizwqhmafkxbmfwa","1743133933999000"
"LOG","connection authorized: user=authenticator database=postgres application_name=postgrest SSL enabled (protocol=TLSv1.3, cipher=TLS_AES_256_GCM_SHA384, bits=256)","cd59a196-de81-479d-9542-02c714d3daa9","vjhrmizwqhmafkxbmfwa","1743133900020000"
"LOG","connection authorized: user=postgres database=postgres SSL enabled (protocol=TLSv1.3, cipher=TLS_AES_256_GCM_SHA384, bits=256)","d57b1cb1-457e-45b7-a138-c3c11731140a","vjhrmizwqhmafkxbmfwa","1743133898005000"
"LOG","connection authenticated: identity="postgres" method=scram-sha-256 (/etc/postgresql/pg_hba.conf:94)","f1188751-fbd9-49f2-9b81-483a8ad326c8","vjhrmizwqhmafkxbmfwa","1743133898005000"
"LOG","connection authorized: user=postgres database=postgres SSL enabled (protocol=TLSv1.3, cipher=TLS_AES_256_GCM_SHA384, bits=256)","6058d2be-5200-4961-8424-06a4dc5450e2","vjhrmizwqhmafkxbmfwa","1743133897847000"
"LOG","connection authenticated: identity="postgres" method=scram-sha-256 (/etc/postgresql/pg_hba.conf:94)","93e94b09-0b1c-4bd4-a8eb-ffe304033fc0","vjhrmizwqhmafkxbmfwa","1743133897847000"
"LOG","connection authorized: user=postgres database=postgres SSL enabled (protocol=TLSv1.3, cipher=TLS_AES_256_GCM_SHA384, bits=256)","3db72a83-f440-4b69-8903-e620d8a4e8ae","vjhrmizwqhmafkxbmfwa","1743133897800000"
"LOG","connection authenticated: identity="postgres" method=scram-sha-256 (/etc/postgresql/pg_hba.conf:94)","1a14da93-ddd9-4c50-ad75-71feb82eca68","vjhrmizwqhmafkxbmfwa","1743133897800000"
"LOG","connection authenticated: identity="postgres" method=scram-sha-256 (/etc/postgresql/pg_hba.conf:94)","421acfcf-29ab-45c2-9d82-d94ae75bbdca","vjhrmizwqhmafkxbmfwa","1743133897791000"
"LOG","connection authorized: user=postgres database=postgres SSL enabled (protocol=TLSv1.3, cipher=TLS_AES_256_GCM_SHA384, bits=256)","7a362f8b-6f7d-4e72-89a1-e233495700e9","vjhrmizwqhmafkxbmfwa","1743133897791000"
"LOG","connection authenticated: identity="postgres" method=scram-sha-256 (/etc/postgresql/pg_hba.conf:94)","949dda01-d00c-4ea5-a8cf-80a2443069f3","vjhrmizwqhmafkxbmfwa","1743133897790000"
"LOG","connection authorized: user=postgres database=postgres SSL enabled (protocol=TLSv1.3, cipher=TLS_AES_256_GCM_SHA384, bits=256)","7118e04b-ca8d-4ba2-8b1d-3578851b6ea1","vjhrmizwqhmafkxbmfwa","1743133897790000"
"LOG","connection authorized: user=supabase_admin database=postgres SSL enabled (protocol=TLSv1.3, cipher=TLS_AES_256_GCM_SHA384, bits=256)","00390903-5aea-49f2-b7da-38b4a897e04c","vjhrmizwqhmafkxbmfwa","1743133897763000"
"LOG","connection authenticated: identity="supabase_admin" method=scram-sha-256 (/etc/postgresql/pg_hba.conf:94)","d05e98a4-8cf1-47aa-bf66-50ba6693c2ce","vjhrmizwqhmafkxbmfwa","1743133897763000"
"LOG","connection authenticated: identity="postgres" method=scram-sha-256 (/etc/postgresql/pg_hba.conf:94)","e4ee53c2-db78-4fdb-8f92-a9697a95660b","vjhrmizwqhmafkxbmfwa","1743133897757000"
"LOG","connection authorized: user=postgres database=postgres SSL enabled (protocol=TLSv1.3, cipher=TLS_AES_256_GCM_SHA384, bits=256)","a6359b4a-c7e6-4b31-971b-120ba080a035","vjhrmizwqhmafkxbmfwa","1743133897757000"
"LOG","connection authenticated: identity="supabase_admin" method=scram-sha-256 (/etc/postgresql/pg_hba.conf:94)","7403cce7-32cc-40bd-8ed8-a1a3313aa3db","vjhrmizwqhmafkxbmfwa","1743133897756000"
"LOG","connection authorized: user=supabase_admin database=postgres SSL enabled (protocol=TLSv1.3, cipher=TLS_AES_256_GCM_SHA384, bits=256)","027fcff0-5c0f-42ea-a03c-142080ef0f9c","vjhrmizwqhmafkxbmfwa","1743133897756000"
"LOG","connection authenticated: identity="postgres" method=scram-sha-256 (/etc/postgresql/pg_hba.conf:94)","7e3c074c-66fc-4dc2-87bd-da86b2315a5b","vjhrmizwqhmafkxbmfwa","1743133897659000"
"LOG","connection authorized: user=postgres database=postgres SSL enabled (protocol=TLSv1.3, cipher=TLS_AES_256_GCM_SHA384, bits=256)","eed10239-73ce-4904-ba34-37e1cc23f7ba","vjhrmizwqhmafkxbmfwa","1743133897659000"
"LOG","connection authenticated: identity="postgres" method=scram-sha-256 (/etc/postgresql/pg_hba.conf:94)","dae1e468-ebb9-4292-b514-514d92a02fb1","vjhrmizwqhmafkxbmfwa","1743133897625000"
"LOG","connection authorized: user=postgres database=postgres SSL enabled (protocol=TLSv1.3, cipher=TLS_AES_256_GCM_SHA384, bits=256)","d421d7f3-919a-4d7d-ac9c-3143cfefc7de","vjhrmizwqhmafkxbmfwa","1743133897625000"
"LOG","connection authorized: user=postgres database=postgres SSL enabled (protocol=TLSv1.3, cipher=TLS_AES_256_GCM_SHA384, bits=256)","a00882fd-70f4-461c-b2cd-92eece482093","vjhrmizwqhmafkxbmfwa","1743133897623000"
"LOG","connection authenticated: identity="postgres" method=scram-sha-256 (/etc/postgresql/pg_hba.conf:94)","24365d63-6c77-45cf-818d-ffba922c9e62","vjhrmizwqhmafkxbmfwa","1743133897623000"
"LOG","connection authorized: user=postgres database=postgres SSL enabled (protocol=TLSv1.3, cipher=TLS_AES_256_GCM_SHA384, bits=256)","1dc31758-d746-4c08-9a50-e20e8047bb89","vjhrmizwqhmafkxbmfwa","1743133897623000"
"LOG","connection authenticated: identity="postgres" method=scram-sha-256 (/etc/postgresql/pg_hba.conf:94)","5030945d-4436-4307-b110-684322f3d2b9","vjhrmizwqhmafkxbmfwa","1743133897623000"
"LOG","connection authenticated: identity="postgres" method=scram-sha-256 (/etc/postgresql/pg_hba.conf:94)","b336d616-5242-444b-bf93-40b007b1992a","vjhrmizwqhmafkxbmfwa","1743133897588000"
"LOG","connection authorized: user=postgres database=postgres SSL enabled (protocol=TLSv1.3, cipher=TLS_AES_256_GCM_SHA384, bits=256)","0283b3af-4de8-48a0-9b2c-7443e1d82918","vjhrmizwqhmafkxbmfwa","1743133897588000"
"LOG","connection received: host=2600:1f18:2a66:6e00:b37d:6bf5:4747:2dec port=45598","7dba1c55-7995-4957-a89a-0f260d1b65ce","vjhrmizwqhmafkxbmfwa","1743133897579000"
"LOG","connection received: host=2600:1f18:2a66:6e00:b37d:6bf5:4747:2dec port=45590","96fe1d2c-1882-466f-b702-98226b8eb8fa","vjhrmizwqhmafkxbmfwa","1743133897578000"
"LOG","connection received: host=2600:1f18:2a66:6e01:aa4:907f:bed2:ae10 port=50326","1a87b0be-f39e-42eb-b661-b64939bcfb1e","vjhrmizwqhmafkxbmfwa","1743133897573000"
"LOG","connection received: host=2600:1f18:2a66:6e01:aa4:907f:bed2:ae10 port=50320","419f3a4f-5c3d-4486-90b0-b5ef04a512fd","vjhrmizwqhmafkxbmfwa","1743133897573000"
"LOG","connection received: host=2600:1f18:2a66:6e01:aa4:907f:bed2:ae10 port=50308","ee407868-bf8b-48d3-9ed0-b8216aa78162","vjhrmizwqhmafkxbmfwa","1743133897571000"
"LOG","connection received: host=2600:1f18:2a66:6e01:3dd4:e1d7:b147:81a8 port=49888","938d7cf0-83f6-4965-ba56-8a6a03f9bf3b","vjhrmizwqhmafkxbmfwa","1743133897565000"
"LOG","connection authorized: user=authenticator database=postgres application_name=postgrest SSL enabled (protocol=TLSv1.3, cipher=TLS_AES_256_GCM_SHA384, bits=256)","2d78ee59-1145-4497-923a-3cf1d5d90870","vjhrmizwqhmafkxbmfwa","1743133887627000"
"LOG","connection authorized: user=supabase_auth_admin database=postgres","e8efd0cc-201b-4ecd-abdd-08d91c64ccbd","vjhrmizwqhmafkxbmfwa","1743133887482000"
"LOG","connection received: host=127.0.0.1 port=47833","72daaaac-dad6-4d1c-bbe5-1ae79d08bee0","vjhrmizwqhmafkxbmfwa","1743133887481000"
"LOG","connection received: host=::1 port=64515","872f638a-5384-4a95-9d4f-160bfaf46a06","vjhrmizwqhmafkxbmfwa","1743133873999000"
"LOG","connection authorized: user=supabase_admin database=postgres application_name=postgres_exporter","640bd999-3f2c-4b0e-8573-7825f16e9489","vjhrmizwqhmafkxbmfwa","1743133873999000"
"LOG","connection authorized: user=postgres database=postgres SSL enabled (protocol=TLSv1.3, cipher=TLS_AES_256_GCM_SHA384, bits=256)","d2abc6ac-dc24-4cc0-a289-720f7e8b335d","vjhrmizwqhmafkxbmfwa","1743133833772000"
"LOG","connection authenticated: identity="postgres" method=scram-sha-256 (/etc/postgresql/pg_hba.conf:94)","4da6f274-9a64-4bdc-891a-8fce47dc1d87","vjhrmizwqhmafkxbmfwa","1743133833772000"
"LOG","connection authenticated: identity="postgres" method=scram-sha-256 (/etc/postgresql/pg_hba.conf:94)","072c3187-edd4-4178-acbc-ac86ea9c1759","vjhrmizwqhmafkxbmfwa","1743133833737000"
"LOG","connection authorized: user=postgres database=postgres SSL enabled (protocol=TLSv1.3, cipher=TLS_AES_256_GCM_SHA384, bits=256)","e923ef94-749b-48a1-92f3-9797b36ce0d0","vjhrmizwqhmafkxbmfwa","1743133833737000"
"LOG","connection authenticated: identity="postgres" method=scram-sha-256 (/etc/postgresql/pg_hba.conf:94)","97a1fdc7-25a2-47f5-a49f-85d2e5149203","vjhrmizwqhmafkxbmfwa","1743133833699000"
"LOG","connection authorized: user=postgres database=postgres SSL enabled (protocol=TLSv1.3, cipher=TLS_AES_256_GCM_SHA384, bits=256)","cfcd56f9-d91c-4cc4-a80e-a0865ae4646c","vjhrmizwqhmafkxbmfwa","1743133833699000"
"LOG","connection authenticated: identity="postgres" method=scram-sha-256 (/etc/postgresql/pg_hba.conf:94)","f52cd526-48a8-4cf3-b410-201b77401d4a","vjhrmizwqhmafkxbmfwa","1743133833648000"
"LOG","connection authorized: user=postgres database=postgres SSL enabled (protocol=TLSv1.3, cipher=TLS_AES_256_GCM_SHA384, bits=256)","60b24ddf-5ab9-42de-8c12-72035b578b81","vjhrmizwqhmafkxbmfwa","1743133833648000"
"LOG","connection authenticated: identity="postgres" method=scram-sha-256 (/etc/postgresql/pg_hba.conf:94)","72bf78de-6032-49ae-8e7c-4350ca0d0338","vjhrmizwqhmafkxbmfwa","1743133833597000"
"LOG","connection authorized: user=postgres database=postgres SSL enabled (protocol=TLSv1.3, cipher=TLS_AES_256_GCM_SHA384, bits=256)","e8e3f7c6-fd65-450b-9b9e-3f95ac5c83ff","vjhrmizwqhmafkxbmfwa","1743133833597000"
"LOG","connection authorized: user=postgres database=postgres SSL enabled (protocol=TLSv1.3, cipher=TLS_AES_256_GCM_SHA384, bits=256)","5e5831b1-c3a5-4052-8a40-0b3d676542f3","vjhrmizwqhmafkxbmfwa","1743133833587000"
"LOG","connection authenticated: identity="postgres" method=scram-sha-256 (/etc/postgresql/pg_hba.conf:94)","14580f21-177f-458b-ac87-ee012f7313b8","vjhrmizwqhmafkxbmfwa","1743133833587000"
"LOG","connection authenticated: identity="postgres" method=scram-sha-256 (/etc/postgresql/pg_hba.conf:94)","2d5d1eaa-52bd-4871-a366-ba640ffae0ed","vjhrmizwqhmafkxbmfwa","1743133833550000"
"LOG","connection authorized: user=postgres database=postgres SSL enabled (protocol=TLSv1.3, cipher=TLS_AES_256_GCM_SHA384, bits=256)","49d638ae-ac17-4543-87c1-b7bd9eb813c1","vjhrmizwqhmafkxbmfwa","1743133833550000"
"LOG","connection authenticated: identity="postgres" method=scram-sha-256 (/etc/postgresql/pg_hba.conf:94)","dfbd01da-e4c4-42d9-ac40-ea557697fe4e","vjhrmizwqhmafkxbmfwa","1743133833363000"
"LOG","connection authorized: user=postgres database=postgres SSL enabled (protocol=TLSv1.3, cipher=TLS_AES_256_GCM_SHA384, bits=256)","2d8e8943-73e3-45b4-ae87-ea209bf55b8d","vjhrmizwqhmafkxbmfwa","1743133833363000"
"LOG","connection authorized: user=postgres database=postgres SSL enabled (protocol=TLSv1.3, cipher=TLS_AES_256_GCM_SHA384, bits=256)","a9c12b26-bae7-46e8-a560-1ae6cce8d6c1","vjhrmizwqhmafkxbmfwa","1743133833344000"
"LOG","connection authenticated: identity="postgres" method=scram-sha-256 (/etc/postgresql/pg_hba.conf:94)","c2677fbc-448f-4f39-95c8-aaa3c942eb3c","vjhrmizwqhmafkxbmfwa","1743133833344000"
"LOG","connection authorized: user=postgres database=postgres SSL enabled (protocol=TLSv1.3, cipher=TLS_AES_256_GCM_SHA384, bits=256)","b6d8c492-63ad-4084-8df6-8d6a5e53335e","vjhrmizwqhmafkxbmfwa","1743133833213000"
"LOG","connection authenticated: identity="postgres" method=scram-sha-256 (/etc/postgresql/pg_hba.conf:94)","021a0fa0-5f42-4790-a445-42ad2209266e","vjhrmizwqhmafkxbmfwa","1743133833213000"
"LOG","connection authorized: user=postgres database=postgres SSL enabled (protocol=TLSv1.3, cipher=TLS_AES_256_GCM_SHA384, bits=256)","2a21d729-dce9-443f-8f0e-e52a9b8c6cae","vjhrmizwqhmafkxbmfwa","1743133833079000"
"LOG","connection authenticated: identity="postgres" method=scram-sha-256 (/etc/postgresql/pg_hba.conf:94)","4cdf9c40-df3c-4e01-a36a-a0de64a4ad63","vjhrmizwqhmafkxbmfwa","1743133833079000"
"LOG","connection authorized: user=postgres database=postgres SSL enabled (protocol=TLSv1.3, cipher=TLS_AES_256_GCM_SHA384, bits=256)","d29699a7-0f59-42ef-8b08-b3eec5fe64a5","vjhrmizwqhmafkxbmfwa","1743133832976000"
"LOG","connection authenticated: identity="postgres" method=scram-sha-256 (/etc/postgresql/pg_hba.conf:94)","a5bb4c89-b8c3-4a34-9876-c61a8df2533c","vjhrmizwqhmafkxbmfwa","1743133832976000"
"LOG","connection authenticated: identity="postgres" method=scram-sha-256 (/etc/postgresql/pg_hba.conf:94)","914bfde4-4366-4a50-a3ff-36fb4d798ed9","vjhrmizwqhmafkxbmfwa","1743133832778000"
"LOG","connection authorized: user=postgres database=postgres SSL enabled (protocol=TLSv1.3, cipher=TLS_AES_256_GCM_SHA384, bits=256)","b03ed85c-3581-4bf6-9e54-ca64ed82706b","vjhrmizwqhmafkxbmfwa","1743133832778000"
"LOG","connection received: host=2600:1f18:2a66:6e01:aa4:907f:bed2:ae10 port=44534","b28c0f98-9282-4e11-ab82-b8222f594af4","vjhrmizwqhmafkxbmfwa","1743133832727000"
"LOG","connection authenticated: identity="postgres" method=scram-sha-256 (/etc/postgresql/pg_hba.conf:94)","3fc3e1fc-8cf3-4646-9840-c699e5312247","vjhrmizwqhmafkxbmfwa","1743133832038000"
"LOG","connection authorized: user=postgres database=postgres SSL enabled (protocol=TLSv1.3, cipher=TLS_AES_256_GCM_SHA384, bits=256)","c92bf7b7-ef7d-43d7-a577-f4f812eb4738","vjhrmizwqhmafkxbmfwa","1743133832038000"
"LOG","connection authenticated: identity="postgres" method=scram-sha-256 (/etc/postgresql/pg_hba.conf:94)","9a2f4acc-310d-4ae7-9732-e892e6b447ae","vjhrmizwqhmafkxbmfwa","1743133831834000"
"LOG","connection authorized: user=postgres database=postgres SSL enabled (protocol=TLSv1.3, cipher=TLS_AES_256_GCM_SHA384, bits=256)","ccce7fb9-20bf-47d3-81db-d7a1519f42e1","vjhrmizwqhmafkxbmfwa","1743133831834000"
"LOG","connection authenticated: identity="postgres" method=scram-sha-256 (/etc/postgresql/pg_hba.conf:94)","590af200-e99e-44a3-bc98-4b9fdd180415","vjhrmizwqhmafkxbmfwa","1743133831353000"
"LOG","connection authorized: user=postgres database=postgres SSL enabled (protocol=TLSv1.3, cipher=TLS_AES_256_GCM_SHA384, bits=256)","3d8e5ffa-2bad-43af-9ed2-9d27894e1c5a","vjhrmizwqhmafkxbmfwa","1743133831353000"
"LOG","connection authorized: user=postgres database=postgres SSL enabled (protocol=TLSv1.3, cipher=TLS_AES_256_GCM_SHA384, bits=256)","979e2a43-fc11-428c-8431-65afc20dfd12","vjhrmizwqhmafkxbmfwa","1743133831353000"
"LOG","connection authenticated: identity="postgres" method=scram-sha-256 (/etc/postgresql/pg_hba.conf:94)","818b60df-b878-4b5e-9d5e-9029faf3fd32","vjhrmizwqhmafkxbmfwa","1743133831353000"
"LOG","connection authorized: user=postgres database=postgres SSL enabled (protocol=TLSv1.3, cipher=TLS_AES_256_GCM_SHA384, bits=256)","4994fbb3-0d7d-4eea-8c6e-3e356ac33e72","vjhrmizwqhmafkxbmfwa","1743133831345000"
"LOG","connection authorized: user=postgres database=postgres SSL enabled (protocol=TLSv1.3, cipher=TLS_AES_256_GCM_SHA384, bits=256)","2033af67-94cb-425e-a0f1-07c4f23da93b","vjhrmizwqhmafkxbmfwa","1743133831345000"
"LOG","connection authenticated: identity="postgres" method=scram-sha-256 (/etc/postgresql/pg_hba.conf:94)","29b25243-0688-43a0-a1e2-4513f15c6fa3","vjhrmizwqhmafkxbmfwa","1743133831345000"
"LOG","connection authenticated: identity="postgres" method=scram-sha-256 (/etc/postgresql/pg_hba.conf:94)","d8840792-f058-4ccd-800c-b26e6edaa670","vjhrmizwqhmafkxbmfwa","1743133831345000"
"LOG","connection received: host=2600:1f18:2a66:6e01:3dd4:e1d7:b147:81a8 port=55710","d608cd6e-77cb-46c6-9dc8-2e0fe5201ec4","vjhrmizwqhmafkxbmfwa","1743133831314000"
"LOG","connection received: host=2600:1f18:2a66:6e01:aa4:907f:bed2:ae10 port=58390","30bafdea-a1e6-4a29-8bf3-d857ec0d5957","vjhrmizwqhmafkxbmfwa","1743133831313000"
"LOG","connection received: host=2600:1f18:2a66:6e01:3dd4:e1d7:b147:81a8 port=55706","a24bfcc3-3999-424f-9e4b-bad0bde87802","vjhrmizwqhmafkxbmfwa","1743133831310000"
"LOG","connection received: host=2600:1f18:2a66:6e01:aa4:907f:bed2:ae10 port=58376","f3ed2da9-e526-481e-98cb-7ad1db1d8e7d","vjhrmizwqhmafkxbmfwa","1743133831309000"
"LOG","connection authorized: user=supabase_admin database=postgres SSL enabled (protocol=TLSv1.3, cipher=TLS_AES_256_GCM_SHA384, bits=256)","447ef97e-cf8b-4c64-a2bc-d24162797068","vjhrmizwqhmafkxbmfwa","1743133830509000"
"LOG","connection authenticated: identity="supabase_admin" method=scram-sha-256 (/etc/postgresql/pg_hba.conf:94)","e4e5e614-6844-4b3f-9044-41920eacc862","vjhrmizwqhmafkxbmfwa","1743133830509000"
"LOG","connection authenticated: identity="supabase_admin" method=scram-sha-256 (/etc/postgresql/pg_hba.conf:94)","c92b4efd-1b7e-42c6-9cd7-5756da4ab2e3","vjhrmizwqhmafkxbmfwa","1743133830508000"
"LOG","connection authorized: user=supabase_admin database=postgres SSL enabled (protocol=TLSv1.3, cipher=TLS_AES_256_GCM_SHA384, bits=256)","718653ce-f60a-4eda-bf4e-208d9de7f7f1","vjhrmizwqhmafkxbmfwa","1743133830508000"
"LOG","connection authorized: user=postgres database=postgres SSL enabled (protocol=TLSv1.3, cipher=TLS_AES_256_GCM_SHA384, bits=256)","efc261db-3a07-44a2-90c5-ef6ee08e0a7f","vjhrmizwqhmafkxbmfwa","1743133830349000"
"LOG","connection authenticated: identity="postgres" method=scram-sha-256 (/etc/postgresql/pg_hba.conf:94)","dbe38a14-5e14-4516-8668-d7f58941c912","vjhrmizwqhmafkxbmfwa","1743133830349000"
"LOG","connection authenticated: identity="postgres" method=scram-sha-256 (/etc/postgresql/pg_hba.conf:94)","fb7d3d00-3334-45b4-9efd-e6b2201cc1e3","vjhrmizwqhmafkxbmfwa","1743133830347000"
"LOG","connection authorized: user=postgres database=postgres SSL enabled (protocol=TLSv1.3, cipher=TLS_AES_256_GCM_SHA384, bits=256)","6e366090-33c9-4ccc-b363-dc50f6f1aa05","vjhrmizwqhmafkxbmfwa","1743133830347000"
"LOG","connection authenticated: identity="postgres" method=scram-sha-256 (/etc/postgresql/pg_hba.conf:94)","11dfc2ae-dff6-477f-a11d-18413cff264d","vjhrmizwqhmafkxbmfwa","1743133830345000"
"LOG","connection authorized: user=postgres database=postgres SSL enabled (protocol=TLSv1.3, cipher=TLS_AES_256_GCM_SHA384, bits=256)","94845d52-4cc1-445b-9c4e-07c14eaaabdd","vjhrmizwqhmafkxbmfwa","1743133830345000"
"LOG","connection authenticated: identity="postgres" method=scram-sha-256 (/etc/postgresql/pg_hba.conf:94)","07c3c610-58c7-44aa-b103-a39f8e112dfa","vjhrmizwqhmafkxbmfwa","1743133830334000"
"LOG","connection authorized: user=postgres database=postgres SSL enabled (protocol=TLSv1.3, cipher=TLS_AES_256_GCM_SHA384, bits=256)","abeddc9e-3092-40a5-8807-35bda75642d9","vjhrmizwqhmafkxbmfwa","1743133830334000"
"LOG","connection authorized: user=postgres database=postgres SSL enabled (protocol=TLSv1.3, cipher=TLS_AES_256_GCM_SHA384, bits=256)","5e75efa0-4c1e-4acf-b26d-dd7922b0d2a9","vjhrmizwqhmafkxbmfwa","1743133830315000"
"LOG","connection authenticated: identity="postgres" method=scram-sha-256 (/etc/postgresql/pg_hba.conf:94)","3391b272-95ac-4fd8-9281-8ce40eb381cc","vjhrmizwqhmafkxbmfwa","1743133830315000"
"LOG","connection received: host=2600:1f18:2a66:6e01:aa4:907f:bed2:ae10 port=58366","ca4953b7-8c9e-4241-ab15-698383b3478c","vjhrmizwqhmafkxbmfwa","1743133830310000"